Children,Runtime
1,224.807174
2,133.744711
5,79.024139
10,57.813655
20,56.563090
