Children,Runtime
1,394.052345
2,194.664908
5,96.582680
10,57.393608
20,55.140141
