Children,Runtime
1,230.097656
2,135.418242
5,79.059961
10,57.041502
20,63.883061
