Children,Runtime
1,229.269893
2,135.426675
5,79.547360
10,56.744055
20,55.613426
