Children,Runtime
1,443.597623
2,216.774532
5,105.182374
10,60.816512
20,62.380469
