Children,Runtime
1,222.368145
2,130.764116
5,77.738222
10,57.973349
20,63.703118
