num_children,runtime
1,397.798254
2,212.495177
5,101.662532
10,61.160311
20,59.847350
