Threads,Runtime
1,234.497715
2,182.085324
5,109.494809
10,84.196856
20,65.503507
