Threads,Runtime
1,232.809099
2,181.176362
5,108.894084
10,75.885917
20,58.489340
