Threads,Runtime
1,397.727417
2,267.173372
5,106.208345
10,72.322677
20,55.756776
