Threads,Runtime
1,462.119867
2,330.003181
5,164.998148
10,93.247683
20,68.729797
