Threads,Runtime
1,291.640968
2,213.954343
5,131.935972
10,111.318102
20,75.496548
