Threads,Runtime
1,227.791105
2,178.716883
5,116.392247
10,74.123237
20,57.090350
