Threads,Runtime
1,228.965601
2,179.714841
5,109.231120
10,77.551112
20,58.473175
